Num_Eggs,Avg_Same_Loc,Prob_Derangement
100,0.989200,0.375400
200,1.015600,0.359200
500,1.010500,0.362200
1000,0.995600,0.372700
